Stars,Forks,Commits
7150,312,120
6027,226,58
5675,295,135
9796,471,143
6863,224,66
8753,392,122
7947,293,122
6371,213,152
6300,398,57
8648,289,180
9187,214,110
7074,404,102
5057,500,66
6751,339,81
8152,438,82
7623,427,109
5914,290,125
7114,377,156
5060,216,181
7701,326,117
5946,472,68
8262,350,111
8734,247,189
6867,453,91
6226,468,157
7177,369,165
9117,477,57
5944,353,104
8823,358,127
5097,500,153
9862,309,128
6396,418,162
8066,272,124
5103,362,116
8502,267,164
7940,370,133
7474,370,151
9593,318,168
6756,352,86
9951,282,123
8789,214,194
7259,422,181
7814,324,78
7387,214,69
6948,436,194
5032,436,53
9880,249,142
5291,418,104
7221,498,193
8089,241,125
1624,142,646
1745,138,649
1823,138,670
1387,185,1094
659,292,1384
968,141,645
1456,287,535
1086,119,1171
1168,261,521
1112,226,1492
1796,115,1003
1016,147,679
1910,102,1055
1711,241,1073
1526,219,1331
1850,298,1113
681,138,744
1999,161,1082
1580,185,1214
1339,109,780
643,232,416
988,278,1058
1935,155,444
1081,248,1289
1781,209,1007
796,202,1150
1293,237,1007
542,209,659
672,125,1460
1346,218,726
1894,229,564
1105,170,715
923,159,1227
1124,273,1245
706,248,942
1589,244,421
1823,121,1112
1091,112,879
1550,196,1238
1794,108,1197
826,140,679
1584,220,1386
1975,135,460
1265,287,1306
950,104,1486
1103,294,530
987,150,1313
1540,258,609
1572,258,918
603,128,633
5,8,7
21,15,15
36,4,7
30,11,19
13,1,12
18,6,22
4,5,15
24,16,2
31,1,36
0,10,16
0,0,32
7,14,40
9,11,21
10,17,22
23,18,5
49,14,32
42,9,10
46,6,31
9,18,23
34,9,6
38,19,15
4,7,5
20,11,22
7,11,38
50,14,33
41,11,13
29,17,4
26,6,11
35,16,40
19,3,27
41,15,11
0,13,11
40,10,26
36,17,9
39,10,23
43,8,16
46,19,35
30,7,1
2,15,37
9,1,37
9,8,19
48,16,16
24,19,28
0,4,27
43,6,13
38,15,31
44,12,38
15,6,9
3,11,19
17,19,22
